book,underlying,delta_pnl,gamma_pnl,vega_pnl,theta_pnl,rho_pnl,div_pnl,explained_pnl,actual_pnl,unexplained_pnl,new_trade_pnl,total_pnl_local,fx_pnl,actual_pnl_base,explained_pnl_base,unexplained_pnl_base,new_trade_pnl_base,total_pnl_base,num_positions
DESK1,AAPL,16176.878036851447,110.58791331063897,7009.721310634468,-807.1845207134236,446.5685492577829,0.0,22936.57128934091,22975.369044814783,38.79775547387203,9262.693248734791,32238.062293549574,0.0,22975.369044814783,22936.57128934091,38.79775547387203,9262.693248734791,32238.062293549574,2
DESK1,MSFT,8116.635755586296,163.79448717203195,-3102.7453752209367,-1537.4147479023763,128.66567587736233,-56.11228332261536,3712.823512189762,3707.5882388649575,-5.235273324804439,633.8030237726684,4341.391262637626,0.0,3707.5882388649575,3712.823512189762,-5.235273324804439,633.8030237726684,4341.391262637626,1
DESK2,MSFT,4119.972923686917,-91.28430388362348,-1966.530931717651,862.9399378940591,77.969055952692,-28.482378036529877,2974.5843038958637,3010.4845903315436,35.900286435679845,0.0,3010.4845903315436,0.0,3010.4845903315436,2974.5843038958637,35.900286435679845,0.0,3010.4845903315436,1
DESK2,SAP,10105.587861685879,51.61117768277091,5606.008143566198,-292.8980166921258,-126.00829720424032,137.81304165643553,15482.11391069492,15463.143176844404,-18.97073385051499,-3934.7061285396762,11528.437048304728,783.5865939396771,16731.120917345645,16751.647251371905,-20.526334026257217,-4257.35203107993,13257.355480205395,2
