book,delta_pnl,gamma_pnl,vega_pnl,theta_pnl,rho_pnl,div_pnl,explained_pnl,actual_pnl,unexplained_pnl,new_trade_pnl,total_pnl_local,fx_pnl,actual_pnl_base,explained_pnl_base,unexplained_pnl_base,new_trade_pnl_base,total_pnl_base,num_positions
DESK1,24293.51379243774,274.3824004826709,3906.9759354135313,-2344.5992686157997,575.2342251351452,-56.11228332261536,26649.394801530674,26682.95728367974,33.56248214906759,9896.49627250746,36579.4535561872,0.0,26682.95728367974,26649.394801530674,33.56248214906759,9896.49627250746,36579.4535561872,3
DESK2,14225.560785372796,-39.67312620085257,3639.477211848547,570.0419212019333,-48.03924125154832,109.33066361990566,18456.698214590782,18473.62776717595,16.929552585164856,-3934.7061285396762,14538.921638636271,783.5865939396771,19741.605507677188,19726.23155526777,15.373952409422628,-4257.35203107993,16267.840070536939,3
