delta_pnl,gamma_pnl,vega_pnl,theta_pnl,rho_pnl,div_pnl,explained_pnl,actual_pnl,unexplained_pnl,new_trade_pnl,total_pnl_local,fx_pnl,actual_pnl_base,explained_pnl_base,unexplained_pnl_base,new_trade_pnl_base,total_pnl_base,num_positions,level
38519.07457781054,234.70927428181832,7546.453147262078,-1774.5573474138664,527.1949838835968,53.21838029729031,45106.09301612146,45156.58505085569,50.49203473423245,5961.790143967784,51118.37519482348,783.5865939396771,46424.56279135693,46375.626356798435,48.93643455849023,5639.14424142753,52847.29362672414,6,FIRM
