book,num_positions,total_actual_pnl,total_explained_pnl,total_unexplained_pnl,total_new_trade_pnl,total_pnl_base,avg_unexplained,std_unexplained,min_unexplained,max_unexplained,unexplained_pct_of_actual,quality_flag
DESK1,3,26682.95728367974,26649.394801530674,33.56248214906759,9896.49627250746,36579.4535561872,11.187494049689198,24.47352250144197,-5.235273324804439,39.31552498116457,0.1257824677836426,OK
DESK2,3,18473.62776717595,18456.698214590782,16.929552585164856,-3934.7061285396762,16267.840070536939,5.643184195054952,33.77797548527867,-30.800442596818357,35.900286435679845,0.091641732736682,OK
